Dumitru,Anca
Dinescu,Mihai
Dumitru,Anca
Dinescu,Mihai
Dumitru,Anca
Dinescu,Mihai
Dumitru,Anca
Dinescu,Mihai
Dumitru,Anca
Dinescu,Mihai
Dumitru,Anca
Dinescu,Mihai
Dumitru,Anca
Dinescu,Mihai
Dumitru,Anca
Dinescu,Mihai
Dumitru,Anca
Dinescu,Mihai
Dumitru,Anca
Dinescu,Mihai
Dumitru,Anca
Dinescu,Mihai
Dumitru,Anca
Dinescu,Mihai
Dumitru,Anca
Dinescu,Mihai
Dumitru,Anca
Dinescu,Mihai
Dumitru,Anca
Dinescu,Mihai
Dumitru,Anca
Dinescu,Mihai
Dumitru,Anca
Dinescu,Mihai
Dumitru,Anca
Dinescu,Mihai
Dumitru,Anca
Dinescu,Mihai
Dumitru,Anca
Dinescu,Mihai
Dumitru,Anca
Dinescu,Mihai
Dumitru,Anca
Dinescu,Mihai
Dumitru,Anca
Dinescu,Mihai
Dumitru,Anca
Dinescu,Mihai
Dumitru,Anca
Dinescu,Mihai
Dumitru,Anca
Dinescu,Mihai
Dumitru,Anca
Dinescu,Mihai
Dumitru,Anca
Dinescu,Mihai
Dumitru,Anca
Dinescu,Mihai
Dumitru,Anca
Dinescu,Mihai
Dumitru,Anca
Dinescu,Mihai
Dumitru,Anca
Dinescu,Mihai
Dumitru,Anca
Dinescu,Mihai
Dumitru,Anca
Dinescu,Mihai
Dumitru,Anca
Dinescu,Mihai
Dumitru,Anca
Dinescu,Mihai
Dumitru,Anca
Dinescu,Mihai
Dumitru,Anca
Dinescu,Mihai
Dumitru,Anca
Dinescu,Mihai
Dumitru,Anca
Dinescu,Mihai
Dumitru,Anca
Dinescu,Mihai
Dumitru,Anca
Dinescu,Mihai
Dumitru,Anca
Dinescu,Mihai
Dumitru,Anca
Dinescu,Mihai
Dumitru,Anca
Dinescu,Mihai
Dumitru,Anca
Dinescu,Mihai
Dumitru,Anca
Dinescu,Mihai
Dumitru,Anca
Dinescu,Mihai
Dumitru,Anca
Dinescu,Mihai
Dumitru,Anca
Dinescu,Mihai
Dumitru,Anca
Dinescu,Mihai
Dumitru,Anca
Dinescu,Mihai
Dumitru,Anca
Dinescu,Mihai
Dumitru,Anca
Dinescu,Mihai
Dumitru,Anca
Dinescu,Mihai
Dumitru,Anca
Dinescu,Mihai
Dumitru,Anca
Dinescu,Mihai
Dumitru,Anca
Dinescu,Mihai
